{"meta": {"version": "7.3.2", "timestamp": "2024-01-17T14:19:28.915987", "branch_coverage": false, "show_contexts": false}, "files": {"pydata/__init__.py": {"executed_lines": [1], "summary": {"covered_lines": 1, "num_statements": 1, "percent_covered": 100.0, "percent_covered_display": "100", "missing_lines": 0, "excluded_lines": 0}, "missing_lines": [], "excluded_lines": []}, "pydata/drdata.py": {"executed_lines": [1, 2, 5, 6, 10, 16, 30, 31, 32, 34, 35, 36], "summary": {"covered_lines": 9, "num_statements": 71, "percent_covered": 12.67605633802817, "percent_covered_display": "13", "missing_lines": 62, "excluded_lines": 0}, "missing_lines": [3, 4, 7, 15, 33, 37, 38, 39, 41, 42, 43, 44, 45, 47, 48, 50, 57, 58, 61, 63, 65, 66, 68, 69, 71, 73, 74, 89, 90, 91, 92, 93, 94, 99, 100, 101, 103, 104, 105, 108, 110, 111, 113, 114, 116, 117, 119, 128, 129, 130, 131, 133, 141, 142, 143, 144, 145, 146, 147, 148, 149, 153], "excluded_lines": []}, "pydata/lda.py": {"executed_lines": [1, 2, 5, 6, 10, 15, 29, 30, 31, 32, 34, 39, 40, 42, 45, 47, 48, 50, 56], "summary": {"covered_lines": 12, "num_statements": 36, "percent_covered": 33.333333333333336, "percent_covered_display": "33", "missing_lines": 24, "excluded_lines": 0}, "missing_lines": [3, 4, 9, 14, 33, 35, 37, 38, 41, 44, 49, 51, 52, 54, 55, 70, 71, 72, 73, 74, 75, 76, 77, 84], "excluded_lines": []}, "pydata/ldata.py": {"executed_lines": [1, 2, 3, 4, 5, 8, 9, 42, 57, 58, 59, 60, 62, 63, 64, 66, 70, 71, 73, 81, 82, 83, 85, 87, 88, 90, 98, 99, 101, 103, 104, 106, 114, 115, 117, 119, 120, 122, 129, 130, 131, 132, 133, 135, 137, 138, 140, 147, 148, 149, 150, 151, 153, 155, 156, 158, 159, 166, 167, 168, 169, 171, 172, 174, 177, 180, 181, 182, 183, 189, 191, 192, 194, 195, 197, 198, 199, 202, 207, 208, 216, 217, 218, 219, 220, 222, 223, 224, 225, 231, 232, 233, 234, 236, 237, 238, 245, 259, 260, 265, 266, 269, 270, 271, 272, 278, 279, 280, 281, 282, 283, 284, 285, 286, 287, 288, 289], "summary": {"covered_lines": 105, "num_statements": 145, "percent_covered": 72.41379310344827, "percent_covered_display": "72", "missing_lines": 40, "excluded_lines": 0}, "missing_lines": [67, 68, 165, 170, 173, 190, 193, 196, 206, 214, 215, 235, 290, 291, 292, 294, 295, 296, 297, 298, 300, 304, 305, 306, 307, 308, 309, 310, 311, 312, 314, 322, 325, 328, 329, 330, 333, 334, 336, 337], "excluded_lines": []}, "pydata/pca.py": {"executed_lines": [1, 2, 3, 6, 7, 11, 18, 35, 36, 37, 38, 40, 45, 46, 48, 49, 51, 53, 54, 56, 57, 59, 60, 70, 73, 74, 76, 77, 78, 82, 83, 84, 92, 93, 94, 95, 97, 99, 100, 101, 102], "summary": {"covered_lines": 30, "num_statements": 78, "percent_covered": 38.46153846153846, "percent_covered_display": "38", "missing_lines": 48, "excluded_lines": 0}, "missing_lines": [4, 5, 8, 9, 12, 17, 41, 42, 44, 52, 67, 75, 81, 96, 98, 109, 110, 112, 119, 121, 122, 144, 145, 146, 147, 150, 151, 154, 155, 157, 158, 159, 161, 162, 163, 164, 165, 170, 176, 181, 183, 184, 185, 186, 187, 192, 200, 205], "excluded_lines": []}, "pydata/pydata.py": {"executed_lines": [1, 2, 3, 4, 5, 6, 7, 8, 9, 10, 11, 12, 15, 70, 74, 75, 76, 77, 79, 80, 82, 83, 84, 85, 86, 88, 90, 91, 93, 94, 95, 96, 97, 99, 101, 102, 103, 104, 105, 107, 108, 109, 110, 111, 113, 119, 120, 132, 134, 135, 137, 138, 139, 140, 142, 143, 144, 145, 156, 158, 159, 160, 161, 162, 163, 164, 166, 168, 170, 180, 181, 182, 183, 184, 185, 186, 187, 188, 189, 192, 212, 219, 233, 241, 249, 252, 253, 254, 272, 274, 275, 276, 299, 311, 312, 364, 368], "summary": {"covered_lines": 78, "num_statements": 176, "percent_covered": 44.31818181818182, "percent_covered_display": "44", "missing_lines": 98, "excluded_lines": 0}, "missing_lines": [14, 51, 66, 68, 69, 73, 81, 87, 92, 98, 112, 114, 115, 116, 118, 121, 122, 123, 124, 125, 126, 128, 129, 130, 131, 133, 136, 141, 157, 165, 167, 169, 190, 191, 193, 194, 195, 196, 197, 198, 199, 200, 201, 202, 203, 205, 206, 207, 208, 209, 210, 211, 213, 215, 216, 217, 226, 227, 228, 231, 248, 255, 258, 260, 269, 270, 271, 273, 277, 278, 280, 283, 284, 289, 291, 292, 297, 308, 309, 310, 315, 317, 318, 319, 320, 321, 324, 328, 329, 331, 332, 333, 335, 336, 337, 338, 339, 340], "excluded_lines": []}, "tests/__init__.py": {"executed_lines": [1], "summary": {"covered_lines": 0, "num_statements": 0, "percent_covered": 100.0, "percent_covered_display": "100", "missing_lines": 0, "excluded_lines": 0}, "missing_lines": [], "excluded_lines": []}, "tests/test_lda.py": {"executed_lines": [1, 2, 3, 4, 5, 7, 8, 9, 14, 17, 18, 19, 20, 22, 23, 24, 26, 27, 28, 30, 32, 33, 34, 35, 37, 40, 41, 42, 43, 45, 46, 47, 49, 50, 51, 52, 53, 56, 57, 59, 61, 62, 63, 65, 66, 67, 69, 70, 71, 73, 74, 75, 77, 78, 79, 81, 82, 83, 85, 86, 87, 89, 90, 91, 94, 95, 96, 97, 98, 101, 102, 103, 104, 105, 108, 109, 110, 111, 112, 113], "summary": {"covered_lines": 57, "num_statements": 90, "percent_covered": 63.333333333333336, "percent_covered_display": "63", "missing_lines": 33, "excluded_lines": 0}, "missing_lines": [6, 15, 21, 25, 29, 31, 36, 38, 44, 48, 54, 58, 60, 64, 68, 72, 76, 80, 84, 88, 92, 99, 106, 114, 117, 118, 120, 121, 122, 124, 126, 127, 128], "excluded_lines": []}, "tests/test_ldata.py": {"executed_lines": [1, 2, 3, 4, 5, 7, 8, 13, 14, 17, 18, 19, 20, 22, 23, 24, 26, 27, 28, 30, 32, 33, 34, 35, 37, 40, 41, 42, 43, 44, 45, 47, 48, 49, 52, 53, 54, 55, 56, 57, 58, 60, 61, 62, 65, 66, 67, 68, 69, 71, 72, 73, 74, 77, 80, 81, 83, 85, 86, 87, 89, 90, 91, 93, 94, 95, 97, 98, 99, 101, 102, 103, 105, 106, 107, 109, 110, 111, 114, 115, 116, 117, 120, 121, 123, 124, 125, 127, 128, 129, 131, 132, 133, 135, 136, 137, 138, 139, 140, 141, 142, 143, 144, 145, 146, 149, 150, 152, 154, 155, 156, 157, 158, 159, 160, 161, 162, 163, 166, 167, 168, 169, 171, 172, 173, 175, 176, 177, 178, 179, 181, 182, 183, 184, 185, 187, 189, 190, 191, 193, 194], "summary": {"covered_lines": 110, "num_statements": 145, "percent_covered": 75.86206896551724, "percent_covered_display": "76", "missing_lines": 35, "excluded_lines": 0}, "missing_lines": [31, 36, 38, 39, 46, 50, 51, 59, 63, 64, 78, 79, 82, 92, 96, 100, 104, 108, 112, 113, 122, 126, 130, 134, 147, 148, 151, 164, 165, 174, 188, 195, 196, 197, 200], "excluded_lines": []}, "tests/test_pca.py": {"executed_lines": [1, 2, 3, 4, 5, 7, 8, 9, 14, 15, 22, 23, 24, 25, 27, 28, 29, 31, 32, 33, 35, 37, 38, 39, 40, 42, 45, 46, 47, 48, 49, 50, 51, 53, 54, 55, 56, 59, 60, 61, 63, 64, 65, 66, 67, 70, 71, 73, 75, 76, 77, 79, 80, 81, 83, 84, 85, 87, 88, 89, 91, 92, 93, 95, 96, 97, 99, 100, 101, 103, 104, 105, 108, 109, 110, 111, 112, 115, 116, 117, 118, 119, 122, 123, 124, 125, 126, 127], "summary": {"covered_lines": 64, "num_statements": 99, "percent_covered": 64.64646464646465, "percent_covered_display": "65", "missing_lines": 35, "excluded_lines": 0}, "missing_lines": [6, 26, 30, 34, 36, 41, 43, 52, 62, 68, 72, 74, 78, 82, 86, 90, 94, 98, 102, 106, 113, 120, 128, 131, 132, 134, 135, 136, 138, 139, 140, 142, 144, 145, 146], "excluded_lines": []}, "tests/test_pydata.py": {"executed_lines": [1, 2, 3, 4, 5, 6, 8, 9, 10, 15, 16, 24, 25, 26, 27, 29, 30, 31, 33, 34, 35, 37, 39, 40, 41, 42, 44, 47, 48, 49, 50, 53, 54, 56, 57, 58, 60, 61, 62, 64, 66, 67, 68, 71, 72, 74, 75, 76, 78, 80, 81, 82, 85, 86, 88, 89, 90, 92, 93, 94, 96, 97, 98, 99, 100, 102, 103, 104, 105, 106, 107, 108, 109, 110, 111, 112, 113, 114, 117, 118, 119, 120, 122, 124, 125, 126, 127, 128, 129, 130, 131, 132, 133, 134], "summary": {"covered_lines": 60, "num_statements": 83, "percent_covered": 72.28915662650603, "percent_covered_display": "72", "missing_lines": 23, "excluded_lines": 0}, "missing_lines": [7, 22, 28, 32, 36, 38, 43, 45, 51, 55, 59, 65, 69, 73, 77, 79, 83, 87, 91, 95, 101, 115, 116], "excluded_lines": []}}, "totals": {"covered_lines": 526, "num_statements": 924, "percent_covered": 56.926406926406926, "percent_covered_display": "57", "missing_lines": 398, "excluded_lines": 0}}